{
  "windowSettings": {
    "top": 80.80000000000001,
    "left": 2102.4,
    "height": 450.40000000000003,
    "width": 1089.6000000000001,
    "maximized": false
  }
}